ID,SN,lng,lat
NSSFHN00001,N203PB,113.9539948,22.51985931
NSSFHN00002,CN4Q01,113.9441986,22.50511932
NSSFHN00003,0V0V0R,113.9565277,22.52158546
NSSFHN00004,JLM474,113.9546967,22.57842445
NSSFHN00005,18M5LL,113.9650269,22.57160378
NSSFHN00006,3CKJ57,113.957283,22.52147293
NSSFHN00007,P69NN7,113.9447327,22.50064278
NSSFHN00008,XM4W42,113.9538498,22.51935959
NSSFHN00009,NBH970,113.9538574,22.52269936
NSSFHN00010,3H7RH3,113.9504013,22.54574394
NSSFHN00012,916TNM,113.9445572,22.51604462
NSSFHN00013,8J8A4K,113.9320679,22.5511322
NSSFHN00014,T9R07U,113.9565887,22.57426834
NSSFHN00015,Y229BN,113.9451447,22.49845886
NSSFHN00016,Z2UD56,113.9442978,22.51639748
NSSFHN00017,J10A8P,113.9485779,22.52432442
NSSFHN00018,197CJZ,113.946022,22.5203495
NSSFHN00019,NUG542,113.9445877,22.50474167
NSSFHN00020,ZZ6D14,113.9422531,22.51557159
NSSFHN00021,DUF605,113.9530869,22.5742588
NSSFHN00022,01PJC7,113.9499741,22.57777405
NSSFHN00023,V234BT,113.9534378,22.57793617
NSSFHN00024,95L6QB,113.9546509,22.58383942
NSSFHN00025,0ZA4X8,113.9550095,22.57835579
NSSFHN00026,790CGJ,113.9446487,22.55182648
NSSFHN00027,7SUC99,113.9531097,22.51874161
NSSFHN00029,J4WK37,113.9453506,22.49950218
NSSFHN00030,RUL151,114.016716,22.60238457
NSSFHN00031,103NWG,113.9450773,22.54959709
NSSFHN00033,XWS456,113.9878082,22.56663895
NSSFHN00036,37F2EQ,113.9502106,22.52395821
NSSFHN00037,MUM311,113.9840727,22.56880478
NSSFHN00038,NDF065,113.9472122,22.52476501
NSSFHN00039,75W9GP,113.9465179,22.522686
NSSFHN00040,725JAE,113.9457321,22.52033043
NSSFHN00041,C840NG,113.949173,22.51569748
NSSFHN00042,504JCF,113.9946518,22.56720161
NSSFHN00043,G9ER13,113.9454575,22.51584625
NSSFHN00044,YF2B08,113.9440918,22.51229477
NSSFHN00045,X970PP,113.9494858,22.51572609
NSSFHN00046,448JVE,113.9463272,22.51575661
NSSFHN00047,120XYD,113.980629,22.57025719
NSSFHN00048,W68G6D,113.9458084,22.55446243
NSSFHN00049,988MHU,113.9461822,22.52145651
NSSFHN00050,104XSM,113.9471283,22.4922905
NSSFHN00051,6HD91K,113.9545975,22.52236557
NSSFHN00052,W0N0B7,113.9463196,22.49425888
NSSFHN00053,4L94EW,113.9441223,22.50871277
NSSFHN00054,2K4R2H,113.9168436,22.55147459
NSSFHN00056,1DJD86,113.9444962,22.50733566
NSSFHN00057,XZL762,113.9471436,22.49157143
NSSFHN00058,42BS2D,113.9457245,22.5774231
NSSFHN00059,N28NW9,113.9556503,22.52171516
NSSFHN00061,957PQC,113.9448853,22.50211525
NSSFHN00062,0N24TS,113.9443893,22.51438904
NSSFHN00063,K8KX82,113.9524002,22.51684761
NSSFHN00064,09UC4G,113.9504318,22.51615524
NSSFHN00065,VXW716,113.945549,22.49618721
NSSFHN00067,HYB505,113.9864349,22.56704521
NSSFHN00069,P087NH,113.946106,22.49417114
NSSFHN00070,78VWV2,113.9452515,22.49753952
NSSFHN00071,Y8E2Y2,113.9431992,22.51554298
NSSFHN00072,DSP027,113.9592438,22.52123451
NSSFHN00073,CJ4W25,113.9866257,22.56727028
NSSFHN00074,137YGC,113.9481315,22.57276781
NSSFHN00076,XBY103,113.9514694,22.5158329
NSSFHN00078,G5JC41,113.9496536,22.57162285
NSSFHN00080,U4VR96,113.9452209,22.55244255
NSSFHN00081,147JEJ,113.9444962,22.50206566
NSSFHN00082,Y4QL96,113.983139,22.56874657
NSSFHN00083,88X8PE,113.9859695,22.56776237
NSSFHN00084,L75R3D,113.9527435,22.51849556
NSSFHN00085,9MC3K5,114.016716,22.60238457
NSSFHN00086,WYH102,113.9522629,22.51708221
NSSFHN00087,V32CL8,113.9478302,22.52430725
NSSFHN00088,GX681J,113.9478378,22.49057198
NSSFHN00089,PJ770T,113.9485088,22.54941351
NSSFHN00090,Y234KV,113.9575195,22.57427788
NSSFHN00092,T0Y4L7,113.94561,22.49752235
NSSFHN00093,D62KU4,113.9452515,22.55134964
NSSFHN00094,N3P26R,113.9462128,22.5245533
NSSFHN00095,170HMF,113.9849091,22.56775284
NSSFHN00096,Z3Z03Z,113.9530334,22.57388687
NSSFHN00097,XC3J12,113.9485358,22.55306001
NSSFHN00098,VB291N,113.9456406,22.55351067
NSSFHN00099,LM6P42,113.9434891,22.55199623
NSSFHN00100,7UNT55,113.9457855,22.55669022
NSSFHN00101,Q10TH4,113.9887924,22.56567383
NSSFHN00102,PXC694,113.9655457,22.57054329
NSSFHN00103,R7S5U1,113.9660263,22.57429123
NSSFHN00104,CU5Q06,113.9460115,22.55566341
NSSFHN00105,58N7MV,113.9547348,22.58007622
NSSFHN00106,929MUH,113.9573212,22.52170753
NSSFHN00107,73CJF5,113.9459229,22.49560165
NSSFHN00108,L20NP2,113.9461899,22.49359131
NSSFHN00109,V97R1T,113.950676,22.51594353
NSSFHN00110,2A4P6N,113.9507217,22.51573563
NSSFHN00111,A7YN79,113.9443817,22.50320625
NSSFHN00112,05A5GW,113.974472,22.57263565
NSSFHN00113,S600TZ,113.9542618,22.57391548
NSSFHN00114,RPT649,113.9408875,22.57401085
NSSFHN00115,P3X42W,113.9909058,22.56524467
NSSFHN00116,30Z4HX,113.9458694,22.50359726
NSSFHN00117,2A7VE7,113.9545135,22.52069283
NSSFHN00118,P66WC1,113.9450531,22.50099182
NSSFHN00119,G1L06P,113.9440613,22.50973892
NSSFHN00120,MAR975,113.9444504,22.51142693
NSSFHN00121,LR7H01,113.9884567,22.56634331
NSSFHN00122,PSM103,113.9910965,22.56806374
NSSFHN00123,JCK448,113.9497833,22.51590729
NSSFHN00124,SNH942,113.9874573,22.56734467
NSSFHN00125,94BX0C,113.9498138,22.57423592
NSSFHN00127,TG989X,113.9450836,22.55137062
NSSFHN00128,F3D37V,113.9693585,22.54663475
NSSFHN00129,59VJE1,113.9450912,22.55040932
NSSFHN00130,JJX950,113.9695358,22.57370186
NSSFHN00131,212DRL,113.9486705,22.54626759
NSSFHN00132,51Q5FG,113.9642715,22.57758141
NSSFHN00133,463RAW,113.9516296,22.51613235
NSSFHN00134,HPF036,113.9878159,22.56854248
NSSFHN00135,741HFF,113.9914398,22.56505013
NSSFHN00136,5CE3M1,113.9338226,22.55184174
NSSFHN00137,7V1FL3,113.9430618,22.57394791
NSSFHN00139,X5XA29,113.9200821,22.55233192
NSSFHN00140,FF5T48,113.9963837,22.56693459
NSSFHN00141,U28EP2,113.9408875,22.51552773
NSSFHN00142,3D55CN,113.9475403,22.57386971
NSSFHN00143,081LJQ,113.95504,22.57750702
NSSFHN00144,4P6WQ7,113.9554367,22.57428741
NSSFHN00145,35M0NA,113.9520493,22.52348328
NSSFHN00146,065NMF,113.9543915,22.57789612
NSSFHN00147,RP0P24,113.9440994,22.51415062
NSSFHN00148,9FM4F1,113.9475174,22.52586555
NSSFHN00149,JDR041,113.9550018,22.57653046
NSSFHN00150,XEW766,113.9901581,22.56536102
NSSFHN00151,Z7V4U7,113.9527359,22.51851273
NSSFHN00152,08F9CU,113.9900513,22.56669235
NSSFHN00153,48E8LF,113.9547195,22.57930183
NSSFHN00154,M9P25L,113.9360886,22.5519886
NSSFHN00155,39U9ML,113.9453659,22.51842117
NSSFHN00156,DPE605,113.944191,22.5739193
NSSFHN00157,QDF084,113.9457855,22.57527161
NSSFHN00158,X2WS89,113.9394531,22.55184174
NSSFHN00159,JVV671,113.9278336,22.56866837
NSSFHN00160,P13YW4,113.9440994,22.5064888
NSSFHN00161,K99NC8,113.954361,22.52026939
NSSFHN00162,R393ST,113.993309,22.56753349
NSSFHN00163,A15UF5,113.9547577,22.57740784
NSSFHN00164,TR1U67,113.9575272,22.57394409
NSSFHN00165,0P6D8T,113.9545135,22.52146721
NSSFHN00166,VB4J18,113.9556427,22.52204132
NSSFHN00168,MX04Y5,113.9418411,22.57396507
NSSFHN00169,4JS6H0,113.9452362,22.51901436
NSSFHN00170,A307LJ,113.9444809,22.50844383
NSSFHN00171,LHC192,113.9549866,22.57942581
NSSFHN00172,32NB6H,113.9445419,22.50528908
NSSFHN00173,1J0H2X,113.9444504,22.51237488
NSSFHN00174,9G1C2N,113.9465027,22.49361992
NSSFHN00176,427AQZ,113.9193039,22.55275726
NSSFHN00177,935VCF,113.9448013,22.50025558
NSSFHN00178,0WJ77F,113.9549866,22.58006859
NSSFHN00179,Q29XE6,113.9449234,22.49958992
NSSFHN00180,UE9G89,113.9460115,22.55669808
NSSFHN00181,623ZJG,113.9484909,22.54730233
NSSFHN00182,L981MA,113.9457092,22.51948929
NSSFHN00183,SC584P,113.9502029,22.51605034
NSSFHN00184,4K1DC5,113.948143,22.49068832
NSSFHN00185,QA95N9,113.9546509,22.52108383
NSSFHN00186,CCF288,113.9458313,22.49625015
NSSFHN00187,18Q6FK,113.9454727,22.55245972
NSSFHN00188,3J83LD,113.9468994,22.52363205
NSSFHN00189,65T0SZ,113.9399567,22.51556015
NSSFHN00190,1Q45VH,113.9840927,22.56821251
NSSFHN00191,W5C7Y3,113.9445114,22.50965309
NSSFHN00192,58KHV1,113.9454269,22.49804878
NSSFHN00193,GPG499,113.9441376,22.50740242
NSSFHN00194,TJ3U77,113.9527206,22.5176239
NSSFHN00195,9E2P6K,113.9550705,22.57502556
NSSFHN00196,1KZ28V,113.9614534,22.5462509
NSSFHN00197,U19CW5,113.9467545,22.57783699
NSSFHN00198,1JP9P1,113.9546585,22.58298111
NSSFHN00199,8TPP91,113.9548721,22.58389664
NSSFHN00200,68W2PW,113.9321747,22.54994774
NSSFHN00201,0XAP30,113.955452,22.59020424
NSSFHN00202,C162PW,113.9333267,22.52018547
NSSFHN00203,G412HA,113.9388733,22.54969406
NSSFHN00204,1W62PL,113.9738617,22.59002876
NSSFHN00205,5F8P5F,113.9315796,22.51431465
NSSFHN00206,P649UX,113.9041443,22.52271461
NSSFHN00207,SF917E,113.9077225,22.53142738
NSSFHN00208,984LXN,113.9089966,22.52942467
NSSFHN00209,280WNT,113.9087753,22.52943993
NSSFHN00210,N790MP,113.9104462,22.52887726
NSSFHN00211,765HNB,113.9105835,22.52949142
NSSFHN00213,JC4N31,113.9098282,22.52971649
NSSFHN00214,NB2U24,113.9083176,22.53021049
NSSFHN00215,383ANV,113.9066315,22.53066063
NSSFHN00216,6ML14P,113.9059982,22.53113556
NSSFHN00217,0C6B7N,113.9096222,22.53473091
NSSFHN00218,3YA5M1,113.9079895,22.53215218
NSSFHN00219,8NJD59,113.9080048,22.53410339
NSSFHN00220,63K2RJ,113.9079361,22.53380013
NSSFHN00221,GEM715,113.9079056,22.53642845
NSSFHN00222,4B14PK,113.9079056,22.53705406
NSSFHN00223,052CMQ,113.908226,22.53715706
NSSFHN00224,Z4RJ42,113.9851074,22.6265049
NSSFHN00225,5L0M8S,113.9078674,22.53915405
NSSFHN00226,R9A78W,113.9077988,22.53835678
NSSFHN00227,JC480H,113.9078445,22.54061127
NSSFHN00228,A527CM,113.9081421,22.54186249
NSSFHN00229,VK4Z35,113.9081039,22.54236794
NSSFHN00230,J56A7P,113.9080811,22.54312134
NSSFHN00231,E09H2H,113.9077606,22.54451752
NSSFHN00232,1D21PP,113.9077454,22.54512215
NSSFHN00233,G02ZR1,113.9076309,22.54585838
NSSFHN00234,U085XK,113.9072113,22.54783058
NSSFHN00235,84G8AE,113.9069138,22.54832268
NSSFHN00236,0L59AV,113.9062119,22.54901505
NSSFHN00237,0MJN33,113.9045029,22.54688263
NSSFHN00238,9BA4Z6,113.9071198,22.5470047
NSSFHN00239,F1RL87,113.9067307,22.5470314
NSSFHN00240,PYT582,113.9076843,22.54561806
NSSFHN00241,25T6PF,113.9077225,22.54520607
NSSFHN00243,AQD186,113.9062347,22.54382133
NSSFHN00244,ETM059,113.9081955,22.53860664
NSSFHN00245,UJ49E7,113.9113388,22.53932381
NSSFHN00246,1LA81M,113.9115219,22.54022026
NSSFHN00247,70NH6B,113.910881,22.54133797
NSSFHN00248,Z8DE92,113.9114456,22.54296494
NSSFHN00249,459VCX,113.9113007,22.5422821
NSSFHN00250,539RUE,113.911438,22.54454231
NSSFHN00251,N4L44W,113.9114075,22.54569817
NSSFHN00252,B4B2T9,113.9113312,22.54948235
NSSFHN00253,045NSW,113.909256,22.55015564
NSSFHN00254,Z6TZ02,113.9098969,22.55017281
NSSFHN00255,WE8Q93,113.9097366,22.54832649
NSSFHN00256,307RKU,113.9116058,22.54999924
NSSFHN00257,48J9EJ,113.911377,22.54802704
NSSFHN00258,VB8V51,113.9118118,22.54697609
NSSFHN00259,46X3NP,113.9108429,22.54885674
NSSFHN00260,NX240S,113.9113846,22.5463562
NSSFHN00261,L9G14P,113.9112244,22.54573059
NSSFHN00262,9X89BT,113.9113998,22.54572678
NSSFHN00263,335EBM,113.9114227,22.54481506
NSSFHN00264,UN919Z,113.911438,22.54383278
NSSFHN00265,19PZ4G,113.9114532,22.54285049
NSSFHN00266,V1D63A,113.911499,22.5413723
NSSFHN00267,D07YW9,113.911499,22.54054451
NSSFHN00268,7K9Y8M,113.9115143,22.53989029
NSSFHN00269,QT178P,113.9114075,22.53854561
NSSFHN00270,2N0Z9K,113.9115524,22.53841782
NSSFHN00271,V67J7J,113.9077377,22.54670334
NSSFHN00272,562BHW,113.9085693,22.5438118
NSSFHN00273,YZ5H49,113.9081116,22.54292297
NSSFHN00274,G6C95J,113.9076385,22.54589081
NSSFHN00275,BP14M6,113.9074631,22.54645538
NSSFHN00276,P9P9C4,113.907135,22.54257965
NSSFHN00277,H2QQ32,113.9077988,22.54305649
NSSFHN00278,3XG27W,113.9078445,22.53988838
NSSFHN00279,AJ07P7,113.9079056,22.53574562
NSSFHN00280,1FT65J,113.9078979,22.53703499
NSSFHN00281,ZN83M1,113.9082184,22.53705025
NSSFHN00283,U3M4R7,113.9056702,22.53470421
NSSFHN00284,SH93E5,113.9079132,22.53353691
NSSFHN00286,J4KA27,113.9073868,22.5313549
NSSFHN00288,9PND19,113.9123154,22.54694557
NSSFHN00289,KR32U1,113.9115295,22.54696465
NSSFHN00290,7R03RD,113.9111633,22.54977036
NSSFHN00291,GBK576,113.9127579,22.54674911
NSSFHN00292,E8A76T,113.9128189,22.54466629
NSSFHN00293,0SS77P,113.9127197,22.5423336
NSSFHN00294,06A2BB,113.9135361,22.54135895
NSSFHN00295,HH343V,113.9131012,22.54331207
NSSFHN00296,44VYU4,113.9128189,22.5456543
NSSFHN00297,93E2MJ,113.9130402,22.54856491
NSSFHN00298,6JU84J,113.9043884,22.53881073
NSSFHN00299,LPN548,113.9040451,22.53862762
NSSFHN00300,4E1LJ7,113.9040527,22.5395298
NSSFHN00301,78R1JT,113.9044113,22.53965378
NSSFHN00302,YQ1S91,113.9044189,22.54013062
NSSFHN00303,J12LT4,113.9021454,22.54211044
NSSFHN00304,U465QF,114.0067139,22.59754753
NSSFHN00305,462HLS,114.0073853,22.59771538
NSSFHN00306,7TPB96,114.0085373,22.59826279
NSSFHN00307,807DZH,114.0084381,22.59846306
NSSFHN00308,2J74GM,113.9995041,22.59748077
NSSFHN00309,0TP44G,113.9997559,22.59615898
NSSFHN00310,7EP36P,113.9999161,22.59604645
NSSFHN00311,EPJ670,113.9998016,22.59416771
NSSFHN00312,569KBS,114.0006485,22.59445381
NSSFHN00313,128JCP,113.9892731,22.59148598
NSSFHN00314,CYZ347,113.9892349,22.59231758
NSSFHN00315,A168PE,113.988945,22.59353447
NSSFHN00316,7U94EW,113.9888611,22.59440041
NSSFHN00317,7M30HN,113.988802,22.595146
NSSFHN00318,9L13KJ,113.9892426,22.5960598
NSSFHN00319,AD9C01,113.9901428,22.59610176
NSSFHN00320,203SPV,113.9909897,22.59617233
NSSFHN00321,5Q48DB,113.9919815,22.59630394
NSSFHN00322,92W7HP,113.9932098,22.59652519
NSSFHN00323,8JP7W3,113.9948196,22.59776878
NSSFHN00324,143LCQ,113.9968033,22.59841728
NSSFHN00325,Y8R00P,113.9968948,22.59778214
NSSFHN00327,8V4SP4,114.0121384,22.60269928
NSSFHN00328,RBD281,114.0109024,22.60195351
NSSFHN00329,63C1LH,114.0098267,22.6012516
NSSFHN00330,K74R4N,114.0088425,22.60062599
NSSFHN00331,33Z2HJ,114.0080795,22.60011864
NSSFHN00332,892NJP,114.0073624,22.59966087
NSSFHN00333,63P4PP,114.0062103,22.59890175
NSSFHN00334,4KFX45,114.0054703,22.59852982
NSSFHN00335,0SA2W7,114.0044098,22.59834671
NSSFHN00336,3MCJ06,114.0034103,22.59839249
NSSFHN00337,S9MY05,114.002182,22.59848213
NSSFHN00338,B41ZX2,114.0011978,22.59852028
NSSFHN00339,ZW9J08,114.0000839,22.59850693
NSSFHN00340,00F7WS,113.9982147,22.60013771
NSSFHN00341,R953EY,113.9984818,22.60080528
NSSFHN00342,T60AT5,113.9987793,22.60168648
NSSFHN00343,F80X9N,113.9987564,22.60217476
NSSFHN00344,0YUQ93,113.995636,22.60317421
NSSFHN00345,784FDT,113.9954224,22.60257149
NSSFHN00346,UZD727,113.995018,22.60057449
NSSFHN00347,PG0Y72,113.9708405,22.59650421
NSSFHN00348,P42UU2,113.9708023,22.59743309
NSSFHN00349,2SZA53,113.9706116,22.59738541
NSSFHN00350,718VUY,113.9692612,22.5924778
NSSFHN00351,R445FM,113.9703217,22.59251213
NSSFHN00352,J2M7X0,113.9706345,22.59513283
NSSFHN00353,28D8LM,113.970047,22.5998497
NSSFHN00354,6M8ZS3,113.9701309,22.59908295
NSSFHN00355,PKG869,113.9715958,22.60233307
NSSFHN00356,G190LB,113.9726105,22.60168839
NSSFHN00357,P8PK56,113.9078445,22.53958893
NSSFHN00358,5EUM72,113.972229,22.60191917
NSSFHN00359,66THF0,113.9739685,22.60148239
NSSFHN00360,27XX8F,113.9732971,22.60149956
NSSFHN00361,45EVE4,113.9747314,22.60266304
NSSFHN00362,WDJ962,113.9753189,22.60268784
NSSFHN00363,295KBZ,113.9702072,22.60051727
NSSFHN00364,308NCC,113.9700699,22.60033607
NSSFHN00365,P413CS,113.9694366,22.59925652
NSSFHN00366,MJ527L,113.9690399,22.5987072
NSSFHN00367,9N06UH,113.9681854,22.59784508
NSSFHN00368,X8Q34J,113.9673691,22.59721947
NSSFHN00369,R903QW,113.965538,22.59581566
NSSFHN00370,5H86PJ,113.9639053,22.59455109
NSSFHN00371,8T01RD,113.9627686,22.59399986
NSSFHN00372,6ZDM01,113.9010773,22.54199982
NSSFHN00373,2L28VQ,113.9642487,22.59453964
NSSFHN00374,3J01QM,113.9021072,22.54231262
NSSFHN00375,PAG854,113.9646912,22.59487915
NSSFHN00376,94Q9JB,113.9006348,22.54320908
NSSFHN00377,K5WW55,113.9658203,22.59573555
NSSFHN00378,S6YY56,113.9004745,22.54366493
NSSFHN00379,LNS125,113.9669342,22.59654808
NSSFHN00380,0HQ72P,113.9006042,22.54336929
NSSFHN00381,B556MQ,113.9013367,22.54331207
NSSFHN00382,77SYW4,113.9676971,22.59716988
NSSFHN00383,39DJ2T,113.9682617,22.59766769
NSSFHN00384,316SEA,113.9663925,22.59645462
NSSFHN00385,R6E6M5,113.9085693,22.53801346
NSSFHN00386,3T0ZR8,113.9613266,22.58776855
NSSFHN00387,Z7PH82,113.9615707,22.59089088
NSSFHN00388,ZWG088,113.9616547,22.59219742
NSSFHN00389,2QQF54,113.9611588,22.59342384
NSSFHN00390,4J41JU,113.9613953,22.59205818
NSSFHN00391,0F29AS,113.9613266,22.59099579
NSSFHN00392,49TBW0,113.9611969,22.59006882
NSSFHN00393,QBT781,113.9913025,22.62705994
NSSFHN00394,J9JM43,113.9840393,22.62794685
NSSFHN00395,333PAK,113.9505768,22.59003448
NSSFHN00396,D932AZ,113.9507751,22.59140015
NSSFHN00397,FF2V61,113.9822311,22.62704468
NSSFHN00398,S282RL,113.9818192,22.62715149
NSSFHN00399,4MB3X1,113.950943,22.59227753
NSSFHN00400,P439YP,113.9515228,22.59439087
NSSFHN00401,Q095NR,113.9818192,22.62715149
NSSFHN00402,ZU3Y85,113.9518051,22.59578896
NSSFHN00403,K6Y16W,113.9816589,22.62641335
NSSFHN00404,R5UJ94,113.951683,22.59633827
NSSFHN00405,8V82VX,113.9820099,22.62725449
NSSFHN00406,PB714L,113.9515991,22.59599304
NSSFHN00407,YVE134,113.9807434,22.62812424
NSSFHN00408,VU39B0,113.9512177,22.59456825
NSSFHN00409,NS8M69,113.9807434,22.62812424
NSSFHN00410,L92LS7,113.9813614,22.62852669
NSSFHN00411,X88D8J,113.9509354,22.59328842
NSSFHN00412,Y319PU,113.9816284,22.62883568
NSSFHN00413,928WZQ,113.9504471,22.59118652
NSSFHN00414,S208CU,113.9833984,22.63007355
NSSFHN00415,DX1K56,113.9503708,22.59015465
NSSFHN00416,66A0WA,113.9838943,22.62791443
NSSFHN00417,12X0JW,113.9830246,22.62808418
NSSFHN00418,6JA77S,113.9525986,22.5896244
NSSFHN00419,4F3YM0,113.953812,22.589702
NSSFHN00420,812PUY,113.9547424,22.58840942
NSSFHN00421,J616RJ,113.9842987,22.62865829
NSSFHN00422,7J14JU,113.9547501,22.58922195
NSSFHN00423,ML426Y,113.9857025,22.62893295
NSSFHN00424,0H48VR,113.9547501,22.59099197
NSSFHN00425,4U07QJ,113.9857941,22.62874794
NSSFHN00426,V5WD16,113.9560318,22.58987236
NSSFHN00427,0NPA88,113.9874954,22.62899971
NSSFHN00428,N8ZZ88,113.986702,22.62804794
NSSFHN00429,7M4Z4M,113.9875412,22.62786484
NSSFHN00430,4Q96XY,113.9864655,22.62776184
NSSFHN00431,DSJ483,113.9855042,22.62769508
NSSFHN00432,169HJG,113.9569397,22.58976746
NSSFHN00433,P88JG0,113.9588013,22.5899601
NSSFHN00434,W0S39J,113.959877,22.58982658
NSSFHN00435,5R3FR5,113.9534988,22.59513092
NSSFHN00436,UL137L,113.9543762,22.59440804
NSSFHN00437,H481GP,113.9551544,22.59376526
NSSFHN00438,24CVG4,113.956398,22.5926342
NSSFHN00439,VYQ955,113.9216843,22.52791023
NSSFHN00440,476NWC,113.9592514,22.58668327
NSSFHN00441,TH56X3,113.9551392,22.586586
NSSFHN00442,869PEA,113.9224854,22.52807617
NSSFHN00443,Z1EZ79,113.9480286,22.58641434
NSSFHN00444,8MUU75,113.9471817,22.58639526
NSSFHN00445,U4HJ55,113.9463806,22.58639717
NSSFHN00446,98JHF1,113.9433136,22.58644295
NSSFHN00447,B1PU09,113.9421768,22.58678627
NSSFHN00448,SS5F19,113.9396362,22.58729744
NSSFHN00449,89D6GX,113.9216156,22.52722168
NSSFHN00450,Q22QY4,113.9766541,22.58811951
NSSFHN00451,9VW07S,113.922081,22.52796364
NSSFHN00452,625JUN,113.9760818,22.58815193
NSSFHN00453,4GUT17,113.9800644,22.58814812
NSSFHN00454,0PT4Y0,113.9814987,22.58875275
NSSFHN00455,104NHC,113.9824142,22.5893116
NSSFHN00456,H8J05T,113.983345,22.5897789
NSSFHN00457,9EC67D,113.9232712,22.52768898
NSSFHN00458,R7Q10C,113.9223862,22.52642059
NSSFHN00459,S239FS,113.9224167,22.52662468
NSSFHN00460,Y5V6U6,113.9234314,22.52732086
NSSFHN00461,E6J1X0,113.9232712,22.52768898
NSSFHN00462,8B5AH8,113.9200134,22.52838707
NSSFHN00463,A4FJ98,113.9220657,22.52754211
NSSFHN00464,14P6NC,113.9886169,22.62780571
NSSFHN00465,E455MH,113.9885254,22.62881088
NSSFHN00466,0D4AY9,113.986763,22.62968254
NSSFHN00467,C018GH,113.9854355,22.62974548
NSSFHN00468,76FSD1,113.9720764,22.59148216
NSSFHN00469,JV5F20,113.9809723,22.63290024
NSSFHN00470,E36AD9,113.9798431,22.63353539
NSSFHN00471,EZQ478,113.979141,22.634357
NSSFHN00472,TU9X09,113.9789352,22.63506126
NSSFHN00473,345YBK,113.9784241,22.63637543
NSSFHN00474,28P8ET,113.9417267,22.56228828
NSSFHN00475,YQ7X99,113.9718552,22.59137726
NSSFHN00476,PGE716,113.9776459,22.63665009
NSSFHN00477,DSA378,113.97686,22.63667488
NSSFHN00478,1Q93VS,113.9757767,22.63628006
NSSFHN00479,RE599P,113.974823,22.63570213
NSSFHN00480,VEL460,113.9737692,22.63569351
NSSFHN00481,91T5JQ,113.9454575,22.56235504
NSSFHN00482,49FQ6X,113.9727361,22.6358186
NSSFHN00483,155PYM,113.9707184,22.63522339
NSSFHN00484,2S93RR,113.9715347,22.63569832
NSSFHN00485,WRZ824,113.9697418,22.63469315
NSSFHN00486,X0GF33,113.9727707,22.5903759
NSSFHN00487,5JJD33,113.9466934,22.55525398
NSSFHN00488,ADP801,113.9685898,22.6341114
NSSFHN00489,U23W4S,113.9665451,22.63455963
NSSFHN00490,T5AZ42,113.9677963,22.63394737
NSSFHN00491,1LJ15U,113.9725647,22.59091759
NSSFHN00492,GZ3Q50,113.9662247,22.63481712
NSSFHN00493,S08X6D,113.9654149,22.63540997
NSSFHN00494,9GJJ98,113.9634387,22.6369694
NSSFHN00495,1PCS76,113.9628754,22.63778687
NSSFHN00496,JG4H19,113.9622439,22.63862888
NSSFHN00497,N947MJ,113.9616852,22.63945961
NSSFHN00498,27W9JS,113.9614444,22.6412223
NSSFHN00499,VL74A8,113.9585698,22.6430902
NSSFHN00500,4WB0S4,113.957065,22.642486
NSSFHN00501,7S5V9W,113.9563217,22.64205742
NSSFHN00502,DPW120,113.9550858,22.64140701
NSSFHN00503,2F34JK,113.9544107,22.64065526
NSSFHN00504,WUQ297,113.953946,22.639721
NSSFHN00505,6R98EY,113.953563,22.638931
NSSFHN00506,UAX743,113.9739761,22.59031677
NSSFHN00507,N106PR,113.9742279,22.59017944
NSSFHN00508,11D0UW,113.9737015,22.59100533
NSSFHN00509,R22F4U,113.9718704,22.59194183
NSSFHN00510,JX605V,113.9750443,22.59059715
NSSFHN00511,58CUS8,113.9750443,22.59059715
NSSFHN00512,Y19P9Z,113.9741211,22.59155083
NSSFHN00513,29P1NL,113.9728699,22.59212303
NSSFHN00514,91FL5T,113.9732285,22.58896446
NSSFHN00515,98RJ6D,113.9734344,22.58973122
NSSFHN00516,B38L6R,113.9715042,22.59123802
NSSFHN00517,5Q4P6M,113.9845123,22.62113571
NSSFHN00518,RZ392B,113.9611816,22.53723907
NSSFHN00519,48NA6F,113.9839096,22.62242889
NSSFHN00520,S2S2A8,113.9834366,22.62344742
NSSFHN00521,P3MQ81,113.9830093,22.6245327
NSSFHN00522,9TG5B3,113.9836044,22.62488747
NSSFHN00523,DH00X0,113.986496,22.62457657
NSSFHN00524,A87K6Q,113.9903488,22.62946892
NSSFHN00525,YX064H,113.9903336,22.62896729
NSSFHN00526,RP3W14,113.9898453,22.62757874
NSSFHN00527,9SJ2Z3,113.9611893,22.53668022
NSSFHN00528,1G83MB,113.9909897,22.6272049
NSSFHN00529,L4AS02,113.9914627,22.62619781
NSSFHN00530,J6BK14,113.9887009,22.62789536
NSSFHN00531,6QKF12,113.9776917,22.63716507
NSSFHN00532,DPY635,113.9774323,22.63667679
NSSFHN00533,6B2PN5,113.976387,22.63751221
NSSFHN00534,0DSN08,113.9766388,22.63723183
NSSFHN00535,0EP77A,113.9763565,22.63881302
NSSFHN00536,W856TR,113.9758987,22.63925362
NSSFHN00537,63FA1M,113.9765015,22.63802338
NSSFHN00538,6JS0J4,113.9769287,22.6385498
NSSFHN00539,510MPC,113.9784012,22.63488007
NSSFHN00540,TM92U1,113.9754639,22.63532448
NSSFHN00541,0BH65C,113.974823,22.63466835
NSSFHN00542,40L4VU,113.9813004,22.62949753
NSSFHN00543,570LWG,113.9813004,22.62949753
NSSFHN00544,783QKH,113.9591217,22.64240265
NSSFHN00545,0HU12E,113.9584732,22.64260864
NSSFHN00546,2N40BG,113.9595642,22.64199638
NSSFHN00547,28RU3H,113.9599304,22.64227295
NSSFHN00548,54MV9P,113.9599457,22.64258575
NSSFHN00549,VMG563,113.959198,22.64188576
NSSFHN00550,S75V6F,113.9597015,22.64132309
NSSFHN00551,GK0F55,113.9570999,22.64064789
NSSFHN00552,D3X0U6,113.9578476,22.64114761
NSSFHN00553,6U0J6A,113.9587173,22.63985443
NSSFHN00554,0Y7VG3,113.9554977,22.63990593
NSSFHN00555,H5L60F,113.9544907,22.63942337
NSSFHN00556,39WX1D,113.9572449,22.6387291
NSSFHN00557,36B4FW,113.9595871,22.64020538
NSSFHN00558,H2SP66,113.9598618,22.6390419
NSSFHN00559,49W0YF,113.9613037,22.63766861
NSSFHN00560,JS460V,113.9643097,22.63566971
NSSFHN00561,V36VN7,113.9810562,22.62520409
NSSFHN00562,F740PS,113.9855118,22.62859917
NSSFHN00563,QU8X48,113.9397202,22.55565262
NSSFHN00564,W5GP43,113.9398575,22.55506516
NSSFHN00565,Z7MF82,113.9431,22.53063202
NSSFHN00566,Y39PJ0,113.9496918,22.5382309
NSSFHN00567,LV610P,113.9446487,22.53487968
NSSFHN00568,23J3VJ,113.9393539,22.54965973
NSSFHN00569,6A52JJ,113.9532623,22.63831329
NSSFHN00570,KK592X,113.9528427,22.63742065
NSSFHN00571,007LSK,113.9524384,22.63656807
NSSFHN00572,8S9P2W,113.9516907,22.63574219
NSSFHN00573,WAK947,113.9509888,22.63512421
NSSFHN00574,RHC325,113.9504776,22.63458061
NSSFHN00576,4P20XP,113.9489441,22.63314247
NSSFHN00579,GBW201,113.9611206,22.53564072
NSSFHN00580,PHV548,113.9462738,22.63160515
NSSFHN00581,0R8K5J,113.971344,22.59924889
NSSFHN00582,S46C7J,113.9723969,22.5994606
NSSFHN00587,J77E0U,113.9611511,22.53494644
NSSFHN00588,4ZAN70,113.9778976,22.59882545
NSSFHN00589,S96A9X,113.9786453,22.59864426
NSSFHN00590,A952ZU,113.9796371,22.59866714
NSSFHN00592,43DUA9,113.9818268,22.59954643
NSSFHN00593,E67PZ6,113.9831314,22.60018921
NSSFHN00594,KSX388,113.9841003,22.60025787
NSSFHN00595,D6RG74,113.9851074,22.59992409
NSSFHN00596,C8BX18,113.9883347,22.59776878
NSSFHN00597,P8Y58R,113.9883575,22.59718132
NSSFHN00598,8LB04Z,113.9878693,22.59904861
NSSFHN00599,74EQ2K,113.9860992,22.59974861
NSSFHN00600,4G20FG,113.9837265,22.60081291
NSSFHN00601,U2G14Q,113.9837189,22.60143661
NSSFHN00602,543CJJ,113.9836731,22.60195351
NSSFHN00603,K60FK7,113.9836655,22.6030674
NSSFHN00604,60N9JN,113.9836349,22.60438538
NSSFHN00605,624UYX,113.9836197,22.60515213
NSSFHN00606,C37U5Q,113.9835892,22.60571861
NSSFHN00607,K862QX,114.0124054,22.60019112
NSSFHN00608,7RJ39S,113.9801865,22.56711578
NSSFHN00609,184ZZK,113.9610214,22.5336132
NSSFHN00610,C4D72P,113.9830627,22.56732559
NSSFHN00611,746GGJ,113.9609222,22.53149414
NSSFHN00612,BGM753,113.9811554,22.56616974
NSSFHN00613,8NJZ08,113.9824066,22.56591034
NSSFHN00615,326ZXM,113.9479446,22.54974365
NSSFHN00616,60D1DD,113.9828796,22.56657028
NSSFHN00617,N194GE,113.9827042,22.56578064
NSSFHN00618,WTH366,113.9455795,22.54978371
NSSFHN00619,U897TH,113.9709473,22.58828354
NSSFHN00620,7J3VG3,113.9833145,22.5680294
NSSFHN00621,W06J6C,113.9828796,22.56657028
NSSFHN00622,VP3V04,113.9485626,22.55371857
NSSFHN00623,9LF1U1,113.981636,22.56731987
NSSFHN00624,9Q85EA,113.9528122,22.56316566
NSSFHN00625,FJM276,113.9819794,22.5672226
NSSFHN00626,107ZZK,113.9811325,22.56703949
NSSFHN00627,YH68X7,113.9544067,22.56329918
NSSFHN00628,4W5SB0,113.9615555,22.59309959
NSSFHN00629,23YKB8,113.9612808,22.59311485
NSSFHN00630,QG77L3,113.981102,22.56603622
NSSFHN00631,B088LP,113.9785919,22.56611252
NSSFHN00632,G62K1H,113.9789581,22.56617928
NSSFHN00633,50H2JM,113.9984665,22.59862518
NSSFHN00634,ZP756U,113.919075,22.5382061
NSSFHN00635,3MX78F,113.996554,22.599029
NSSFHN00636,A1S6V9,113.9263916,22.53819275
NSSFHN00637,1Z3AS8,113.9270782,22.53819084
NSSFHN00638,98D5KD,113.9287186,22.5381031
NSSFHN00639,M237MZ,113.9271698,22.5384388
NSSFHN00640,RJF658,113.9953995,22.59996605
NSSFHN00641,097MYF,113.9289169,22.53893471
NSSFHN00642,Q24PN3,114.0022888,22.54763985
NSSFHN00643,456JHU,114.0012665,22.5476799
NSSFHN00644,SLM943,114.0001907,22.54778481
NSSFHN00645,9LQ11W,113.9291534,22.53808975
NSSFHN00646,71P7AS,113.9919052,22.56031227
NSSFHN00647,881EMC,113.9920807,22.55938148
NSSFHN00648,6A0X9W,113.9283676,22.53835869
NSSFHN00649,V4TL48,113.9927902,22.55870056
NSSFHN00650,X085PC,113.994957,22.5604744
NSSFHN00651,TA22N3,113.9933014,22.55788803
NSSFHN00652,62U2CR,113.9859161,22.55745125
NSSFHN00653,9Z7G0Q,113.9872589,22.55632401
NSSFHN00654,0Y1PG3,113.9889984,22.55511093
NSSFHN00655,PGR887,113.9894943,22.55480766
NSSFHN00656,VPJ708,113.9306717,22.53800011
NSSFHN00657,PJW892,113.9738922,22.56260872
NSSFHN00658,034PEV,113.9315338,22.53817558
NSSFHN00659,Y83K3P,113.9727859,22.55581284
NSSFHN00660,YEN489,113.9721985,22.55189514
NSSFHN00661,X34A3S,113.9718018,22.55155945
NSSFHN00662,YG7S40,113.9719391,22.55021858
NSSFHN00663,R3Z8Z5,113.9711151,22.54713631
NSSFHN00664,93H2GG,113.9755249,22.56266212
NSSFHN00665,LU4D58,113.9801331,22.56528091
NSSFHN00666,9B1T0A,113.9799576,22.56805611
NSSFHN00667,J746RH,113.9336243,22.53799248
NSSFHN00668,XZ551T,113.9355087,22.53802109
NSSFHN00669,XPE871,113.9657593,22.54969215
NSSFHN00670,L4QV42,113.9656296,22.54922676
NSSFHN00671,3XT8Q9,113.9641418,22.54275322
NSSFHN00672,5F2J2P,113.963768,22.54210663
NSSFHN00673,VXC370,113.962677,22.54010963
NSSFHN00674,Z60P7J,113.9630127,22.54062653
NSSFHN00675,NVN128,113.9572067,22.52826118
NSSFHN00676,Q08VB7,113.9582214,22.52832031
NSSFHN00677,610JSJ,113.9348297,22.53824043
NSSFHN00678,Q581MS,113.9589615,22.53064156
NSSFHN00679,HPR803,113.9589691,22.53269958
NSSFHN00680,ME18J0,113.9367294,22.53800964
NSSFHN00681,9CMR89,113.9374542,22.53803253
NSSFHN00682,70QY0R,113.9360504,22.53822136
NSSFHN00683,551SMU,113.9706345,22.54396057
NSSFHN00684,J524ZF,113.9705276,22.54319954
NSSFHN00685,A379JN,113.9702988,22.54071617
NSSFHN00686,GYG467,113.9702759,22.54125595
NSSFHN00687,6Z4X6T,113.9704666,22.53720665
NSSFHN00688,P8N8P9,113.9367065,22.53822327
NSSFHN00689,13P6RG,113.9702835,22.53521538
NSSFHN00690,E81HV4,113.970253,22.53414917
NSSFHN00691,GB4U23,113.9704132,22.53160095
NSSFHN00692,D0K14Y,113.9722672,22.53093147
NSSFHN00694,5WTB58,113.9749527,22.53123093
NSSFHN00695,F001DE,113.9791641,22.53110504
NSSFHN00696,V9R33P,113.9821167,22.53120041
NSSFHN00697,2Y94ZX,113.9837189,22.53127098
NSSFHN00698,J127SJ,113.9312897,22.53478622
NSSFHN00699,0GY11R,113.9313736,22.53567123
NSSFHN00700,0ST3Q4,113.9735718,22.53222656
NSSFHN00701,W9JP76,113.9760666,22.52884102
NSSFHN00702,A57J0Q,113.977005,22.52889633
NSSFHN00703,XPF459,113.9786453,22.52894592
NSSFHN00704,E1P7T8,113.9878922,22.52918243
NSSFHN00705,U1J9V3,113.9883957,22.52921677
NSSFHN00706,RV82H9,113.9844894,22.52912903
NSSFHN00707,512PBH,113.985672,22.52916145
NSSFHN00708,Z679SP,113.9308395,22.53389931
NSSFHN00709,665XEX,113.9860992,22.52916145
NSSFHN00710,ZP2E56,113.9310608,22.5334549
NSSFHN00711,584FMJ,113.9865036,22.5291748
NSSFHN00712,N7DU99,113.980896,22.53212929
NSSFHN00713,3Q96DJ,113.9773941,22.53219414
NSSFHN00714,N945VT,113.9737549,22.53165627
NSSFHN00715,GQ668Z,113.9737549,22.5333786
NSSFHN00716,899FGL,113.9737549,22.53421021
NSSFHN00717,QLD621,113.9737625,22.53264618
NSSFHN00718,GK66R9,113.9308853,22.53279686
NSSFHN00719,XJ2Q06,113.9645081,22.57895279
NSSFHN00720,6WP5B2,113.9368744,22.53530312
NSSFHN00721,CWX411,113.9640808,22.5797863
NSSFHN00722,XSN937,113.9306183,22.53149605
NSSFHN00724,GWK769,113.9627991,22.58220291
NSSFHN00726,NW2R85,113.9777679,22.58807564
NSSFHN00728,SR236F,113.9669418,22.57472229
NSSFHN00729,L210PY,113.9366531,22.53492165
NSSFHN00730,H3N95F,113.9358673,22.5314579
NSSFHN00731,Q6F73F,113.9332275,22.51930046
NSSFHN00732,S182XH,113.935524,22.5271244
NSSFHN00733,714ZJR,113.9703369,22.56982422
NSSFHN00734,D4JU31,113.9702606,22.5706234
NSSFHN00735,QWN244,114.0031128,22.53431129
NSSFHN00736,0DQJ62,114.0014038,22.53401375
NSSFHN00737,PJ87B6,113.9997101,22.53339195
NSSFHN00738,JG46N9,114.0016174,22.5337677
NSSFHN00739,74R9UF,113.9944839,22.53269386
NSSFHN00740,09H2KK,113.9859695,22.53264427
NSSFHN00741,XW038K,113.9823532,22.53361893
NSSFHN00742,268PEC,113.9700394,22.57011795
NSSFHN00743,RLG662,113.9703979,22.56932259
NSSFHN00744,7DLB87,113.9756393,22.53614044
NSSFHN00745,09M4EV,113.9739456,22.53665352
NSSFHN00746,V265FG,113.9736557,22.53761482
NSSFHN00747,PPK474,113.9735718,22.53846931
NSSFHN00748,XBZ348,113.972229,22.55205345
NSSFHN00749,M999EZ,113.9276047,22.57059288
NSSFHN00750,4H38HP,113.9275055,22.5683918
NSSFHN00751,269PEE,113.9275589,22.56697273
NSSFHN00752,PUP417,113.9287872,22.56525612
NSSFHN00753,1D64PQ,113.9300537,22.56464767
NSSFHN00754,XW407R,113.9307404,22.56427956
NSSFHN00755,0Z6H1P,113.9304199,22.56230927
NSSFHN00756,331KGX,113.9300308,22.55757523
NSSFHN00757,MK9A81,113.9306564,22.56472015
NSSFHN00758,MH961A,113.9295578,22.56521606
NSSFHN00759,7J35QJ,113.9290237,22.56547928
NSSFHN00760,MN484P,113.9284363,22.56577492
NSSFHN00761,1W45ET,113.9278488,22.56676483
NSSFHN00762,27HU3K,113.9274902,22.56998253
NSSFHN00763,016ZJP,113.9283524,22.57094002
NSSFHN00764,5NF9P5,113.9297562,22.57176971
NSSFHN00765,1AU89J,113.9305344,22.57210159
NSSFHN00766,190CMA,113.9313278,22.5725708
NSSFHN00767,629QNY,113.9304733,22.57261276
NSSFHN00768,L552HT,113.9292755,22.57187843
NSSFHN00769,324ZJS,113.9150238,22.51975441
NSSFHN00770,8XP7G0,113.9432449,22.58478355
NSSFHN00771,9BX1U0,113.9402695,22.58308983
NSSFHN00772,2Q3A2Z,113.9861832,22.52587318
NSSFHN00773,WB7Y78,113.9855347,22.52586174
NSSFHN00774,184AKA,113.9837036,22.52581596
NSSFHN00775,G777UQ,113.9826355,22.52577782
NSSFHN00776,936MEB,113.9161148,22.52012444
NSSFHN00777,4EA6Z0,113.9816742,22.52575493
NSSFHN00778,713VMJ,113.9803772,22.52572823
NSSFHN00779,DYY261,113.9161301,22.51957321
NSSFHN00780,6QD1S2,113.9789047,22.52568054
NSSFHN00781,27S7HW,113.9775925,22.5256443
NSSFHN00782,06M5TV,113.9170837,22.52033806
NSSFHN00783,L2T13Z,113.976181,22.52559853
NSSFHN00784,F9CY22,113.9742279,22.52539253
NSSFHN00785,5Q3EJ3,113.9178009,22.52218246
NSSFHN00786,9ZE2W6,113.9733124,22.52526665
NSSFHN00787,3JSB97,113.9717865,22.5370903
NSSFHN00788,090CNT,113.9183731,22.5221386
NSSFHN00789,FD87B8,113.9668427,22.53792953
NSSFHN00790,D270SV,113.9677124,22.53783989
NSSFHN00791,94SB8P,113.9691315,22.53767967
NSSFHN00792,5SQ3Z2,113.9700317,22.53756714
NSSFHN00793,1U64MH,113.9181595,22.52254677
NSSFHN00794,X55A7G,113.9351273,22.52816772
NSSFHN00795,8TK9Y5,113.9714279,22.53720284
NSSFHN00796,1WZP49,113.9732666,22.53663635
NSSFHN00797,5P0B3Q,113.9365845,22.52784538
NSSFHN00798,8QD06V,113.9758377,22.53578758
NSSFHN00799,Z7J3A2,113.9377747,22.52755547
NSSFHN00800,P8P88Z,113.9762878,22.5356369
NSSFHN00801,96M5GD,113.9431,22.52694893
NSSFHN00802,JA68U8,113.9768753,22.5353756
NSSFHN00803,RQ473X,113.9430313,22.52687454
NSSFHN00804,22PQ9S,113.9775467,22.53519249
NSSFHN00805,J987JW,113.9448471,22.52689362
NSSFHN00806,0J4PS4,113.9786301,22.5348587
NSSFHN00807,A1Z4S9,113.9466248,22.52449226
NSSFHN00808,7JNP45,113.9815598,22.53388596
NSSFHN00809,P640QG,113.9829407,22.5334053
NSSFHN00810,838AWZ,113.9855042,22.53253937
NSSFHN00811,86JN9N,113.9878464,22.53173065
NSSFHN00812,CD3L40,113.9186935,22.52307701
NSSFHN00813,37JJM0,113.9752426,22.53390884
NSSFHN00814,390MJJ,113.9522476,22.5240593
NSSFHN00815,CS3K15,113.9763641,22.53390884
NSSFHN00816,4R53NV,113.9192352,22.52260017
NSSFHN00817,3VC33Q,113.9737473,22.53444481
NSSFHN00818,3PYQ97,113.9519043,22.52263832
NSSFHN00819,B6WX04,113.9737473,22.53560257
NSSFHN00820,979QMT,113.918869,22.52206993
NSSFHN00821,H833EV,113.9522476,22.52389145
NSSFHN00822,74VP9N,113.9513016,22.52051544
NSSFHN00823,S4R66S,113.9886398,22.53144455
NSSFHN00824,5E4FQ4,113.9896545,22.53144836
NSSFHN00825,40J1DL,113.9511414,22.51990891
NSSFHN00826,7LXS80,113.9177628,22.52065277
NSSFHN00827,8UN82K,113.9900894,22.53154564
NSSFHN00828,714PUP,113.9910355,22.53173828
NSSFHN00829,0P08GB,113.9173203,22.52070618
NSSFHN00830,D2K7J5,114.0005875,22.53386307
NSSFHN00831,CF1G36,113.9176559,22.52027512
NSSFHN00832,UQ96X3,113.9509125,22.51918221
NSSFHN00833,X01Y9X,114.0039139,22.53414917
NSSFHN00834,XP8M86,114.0043945,22.53072166
NSSFHN00835,HL7X17,113.9505157,22.51747513
NSSFHN00836,89JZD7,113.9169235,22.5211277
NSSFHN00837,0L1C5S,114.0027466,22.52972221
NSSFHN00838,DZ5W81,113.9502716,22.51651764
NSSFHN00839,UP358F,114.0002441,22.52852058
NSSFHN00840,45HAK7,113.9500656,22.51497459
NSSFHN00841,8A69DV,113.9989777,22.52804565
NSSFHN00842,D6F0G6,113.9184647,22.52118492
NSSFHN00843,958ZWE,113.9500961,22.51384354
NSSFHN00844,P9SG17,113.9957123,22.52714539
NSSFHN00845,7CEP45,113.9501495,22.51162338
NSSFHN00846,17G3XY,113.9504242,22.51131248
NSSFHN00847,69JF1U,113.917512,22.519968
NSSFHN00848,KM409Z,113.919451,22.520976
NSSFHN00849,5F24MX,113.9206924,22.52218056
NSSFHN00850,431BPL,113.9504013,22.51157379
NSSFHN00851,1PSG79,113.9210968,22.52326584
NSSFHN00852,J401MD,113.950386,22.51289749
NSSFHN00853,57XGS2,114.0026474,22.54633713
NSSFHN00854,0XC1N5,113.9069824,22.5226326
NSSFHN00855,74CBJ3,113.950386,22.51366806
NSSFHN00856,5WB72A,113.9197006,22.51999474
NSSFHN00857,J5C8Z3,114.0028229,22.54559517
NSSFHN00858,9W90PA,114.0029449,22.54476738
NSSFHN00859,571PAZ,113.9503555,22.51476669
NSSFHN00860,4DDS51,113.9172287,22.51930428
NSSFHN00861,SJR180,114.0030899,22.54390144
NSSFHN00862,JMW166,113.950676,22.51699448
NSSFHN00863,005SAM,114.0033493,22.54232216
NSSFHN00864,31Z3AQ,113.9507675,22.51737785
NSSFHN00865,6UA24N,114.0034409,22.5416851
NSSFHN00866,LGL146,113.9189606,22.52103233
NSSFHN00867,J921FA,114.0035706,22.54072952
NSSFHN00868,B60B7G,113.9511871,22.51904869
NSSFHN00869,15J8VH,113.9202576,22.52064133
NSSFHN00870,NW8B77,114.0037155,22.539505
NSSFHN00871,6MED58,114.004364,22.53567886
NSSFHN00872,FYS516,113.9525986,22.52446365
NSSFHN00873,U841TJ,114.0044708,22.53471375
NSSFHN00874,0L84BT,113.9215622,22.52172089
NSSFHN00875,P238SM,113.995018,22.52701378
NSSFHN00876,4DDA62,113.9501495,22.51121902
NSSFHN00877,W41PP4,113.9933319,22.52677155
NSSFHN00878,56Z5NB,113.9876328,22.52653503
NSSFHN00879,N4XJ81,113.9501724,22.50994682
NSSFHN00880,62YF9T,113.979454,22.52632713
NSSFHN00881,R0E6L2,113.9501572,22.50915909
NSSFHN00882,RC83R7,113.9501648,22.50359344
NSSFHN00883,0HE6H0,113.928421,22.52973366
NSSFHN00884,X7SG41,113.9502945,22.50486946
NSSFHN00885,KK773X,113.999176,22.53080559
NSSFHN00886,582LUJ,113.9995193,22.52866173
NSSFHN00887,Q4Y6T5,113.9503632,22.50025749
NSSFHN00888,1XU1J2,113.9910355,22.52661514
NSSFHN00889,9H8JA2,113.9504166,22.4980545
NSSFHN00890,1FH23J,113.9866028,22.52651024
NSSFHN00891,9X72ZU,113.9504242,22.49729538
NSSFHN00892,89WRD8,113.9927979,22.61168671
NSSFHN00893,S9UX70,113.9504623,22.49600983
NSSFHN00894,1Y8LA7,113.9844437,22.52645874
NSSFHN00895,566XXL,113.9498978,22.4947052
NSSFHN00896,148CWF,113.9836197,22.52643394
NSSFHN00897,18TTN4,113.9818954,22.5263958
NSSFHN00898,7HZJ31,113.9491119,22.49411201
NSSFHN00899,S72KP1,113.9797287,22.52633286
NSSFHN00900,551WSE,113.9487152,22.49508095
NSSFHN00901,J8P75S,113.9784927,22.52630234
NSSFHN00902,39A2BU,113.9778671,22.52627945
NSSFHN00903,66PT7S,113.94841,22.49601364
NSSFHN00904,QL02Q8,113.9741669,22.52621269
NSSFHN00905,YDG057,113.9482346,22.49682045
NSSFHN00906,1MP6Z2,113.9623413,22.52701378
NSSFHN00907,PYM529,113.9480972,22.49757385
NSSFHN00908,6PD66P,113.9479065,22.49838448
NSSFHN00909,611LNL,113.9475632,22.53323746
NSSFHN00910,784ARB,113.9477005,22.49962997
NSSFHN00911,687EZV,113.950119,22.53493118
NSSFHN00913,442QUM,113.950676,22.5350647
NSSFHN00914,Q4C7D2,113.9405518,22.56022263
NSSFHN00915,3A7X4Q,113.947525,22.50066948
NSSFHN00916,M6QR50,113.9472046,22.50320244
NSSFHN00917,X38BP9,113.8954086,22.48613548
NSSFHN00918,HU81P0,113.9703903,22.53794289
NSSFHN00919,18LY8S,113.9471436,22.50517654
NSSFHN00920,3A0PA3,113.9472427,22.5065918
NSSFHN00921,H3L2R3,113.9701157,22.53134537
NSSFHN00922,ZZL955,113.9699402,22.5292244
NSSFHN00923,1CP31V,113.9473877,22.50753212
NSSFHN00924,P1Y34E,113.9698334,22.52703667
NSSFHN00925,UR441L,113.9477234,22.50914192
NSSFHN00926,S2U4R9,113.9478378,22.50954056
NSSFHN00927,9LD1K3,113.9455795,22.53010178
NSSFHN00928,Y4WY57,113.9484634,22.51219368
NSSFHN00929,152PAA,113.9462204,22.53181458
NSSFHN00930,3GN7W0,113.9470062,22.53281593
NSSFHN00931,5ZJR54,113.9518738,22.53503799
NSSFHN00932,JPK036,113.9484863,22.51483345
NSSFHN00933,W203JG,113.945076,22.53060532
NSSFHN00934,N20R5X,113.9490967,22.53081131
NSSFHN00935,363JGV,113.948494,22.51653671
NSSFHN00936,YX1K47,113.94958,22.531424
NSSFHN00937,QAG492,113.9502716,22.53230286
NSSFHN00938,899HWW,113.9484787,22.51691246
NSSFHN00939,N0J7D0,113.9499054,22.53331184
NSSFHN00940,0JJG38,113.9501648,22.53300667
NSSFHN00941,N775ZU,113.9507904,22.53349876
NSSFHN00943,PDU303,113.9499969,22.53487396
NSSFHN00944,JQJ317,113.9499969,22.53705788
NSSFHN00946,ZAV908,113.929155,22.529522
NSSFHN00947,10P0YJ,113.928978,22.5291729
NSSFHN00948,QTL715,113.928905,22.52888
NSSFHN00949,08X3DW,113.928104,22.528619
NSSFHN00950,984SEB,113.9273911,22.52883339
NSSFHN00951,F9P2D7,113.927036,22.529108
NSSFHN00952,WJG628,113.926541,22.529062
NSSFHN00953,N7PM96,113.9237671,22.52673912
NSSFHN00954,P0VW98,113.9242477,22.52666855
NSSFHN00955,5CP6H1,113.9240112,22.52634239
NSSFHN00956,Y1QY05,113.9237671,22.52673912
NSSFHN00957,FDP894,113.940712,22.55513763
NSSFHN00958,3ZN12V,113.939901,22.531446
NSSFHN00959,Q2Y8V9,113.951156,22.537462
NSSFHN00960,472FWY,113.940525,22.531287
NSSFHN00961,4H00XV,113.941085,22.531627
NSSFHN00962,7J0A9D,113.941271,22.532318
NSSFHN00963,52E8KG,113.9339218,22.54183578
NSSFHN00964,ZVD709,113.9414597,22.53267288
NSSFHN00965,C715TZ,113.939516,22.531956
NSSFHN00966,JFJ530,113.93847,22.531747
NSSFHN00967,R660AT,113.9337387,22.54394341
NSSFHN00968,026YCP,113.9360123,22.54712486
NSSFHN00969,Q9J6S7,113.9359665,22.54932213
NSSFHN00970,2WJD81,113.9484863,22.51719856
NSSFHN00971,214WCK,113.9487991,22.51846504
NSSFHN00972,PX513B,113.94912,22.519221
NSSFHN00973,VQ95G6,113.9491501,22.51961517
NSSFHN00974,85Z6DA,113.973119,22.552855
NSSFHN00975,K157BL,113.9493484,22.52033997
NSSFHN00976,Y8T2L0,113.973188,22.553443
NSSFHN00977,21P8PQ,113.9497375,22.52171326
NSSFHN00978,B9NV86,113.9358292,22.54989624
NSSFHN00979,71NMJ4,113.9500275,22.52271652
NSSFHN00980,R5JN15,113.973477,22.55418
NSSFHN00981,S219RU,113.9501724,22.52313995
NSSFHN00982,5LA0B4,113.9497223,22.52313614
NSSFHN00983,Q1L3R5,113.973496,22.554431
NSSFHN00984,7J74QW,113.9496231,22.52287292
NSSFHN00985,357ZBR,113.973878,22.554167
NSSFHN00986,16Q1HX,113.949379,22.5220356
NSSFHN00987,0A2VJ0,113.974553,22.553923
NSSFHN00988,28AR0E,113.9490585,22.52101326
NSSFHN00989,REN491,113.974816,22.553323
NSSFHN00990,3S40FP,113.974987,22.552657
NSSFHN00991,T5JN04,113.9343338,22.54949951
NSSFHN00992,7A32QN,113.9484711,22.5190258
NSSFHN00993,6Z9HJ1,113.948126,22.517929
NSSFHN00994,1V53HN,113.9480743,22.51754951
NSSFHN00995,16WW3U,113.9478531,22.51662064
NSSFHN00996,YJ53K2,113.9355774,22.54951286
NSSFHN00997,9CQD90,113.9477997,22.51605988
NSSFHN00998,6PB55A,113.976443,22.5539
NSSFHN00999,Z84PZ5,113.9477768,22.51488495
NSSFHN01000,KF4M92,113.97665,22.554681
NSSFHN01001,428AWW,113.9477844,22.51320648
NSSFHN01002,P14U5S,113.935463,22.54859734
NSSFHN01003,B771JV,113.9477844,22.51262474
NSSFHN01004,CLP169,113.97613,22.554688
NSSFHN01005,J9ES74,113.9477463,22.51156425
NSSFHN01006,3VPF32,113.975361,22.554498
NSSFHN01007,47P4YG,113.9472275,22.50925827
NSSFHN01008,6UJ3E0,113.974107,22.554845
NSSFHN01009,Y98BP6,113.9470673,22.50862312
NSSFHN01010,W633DC,113.9468155,22.50728607
NSSFHN01011,494LAF,113.9464722,22.50430489
NSSFHN01012,FGM955,113.9354477,22.54847336
NSSFHN01013,081CSA,113.9464264,22.50333023
NSSFHN01014,27LD9S,113.9464645,22.50226784
NSSFHN01015,8B74QG,113.974933,22.550183
NSSFHN01016,QP08P7,113.9243851,22.53137016
NSSFHN01017,67X9RY,113.9465942,22.50114822
NSSFHN01018,82BW1W,113.974933,22.550183
NSSFHN01020,166CTY,113.975369,22.548542
NSSFHN01021,C119FS,113.9467239,22.50037766
NSSFHN01022,8Y47FG,113.9229889,22.53290939
NSSFHN01023,W185LU,113.9468994,22.49972534
NSSFHN01024,9H5ES8,113.9753494,22.54852676
NSSFHN01025,38VM3V,113.9229889,22.53290939
NSSFHN01026,AFC618,113.9472046,22.49852562
NSSFHN01027,725CJR,113.9229736,22.53264427
NSSFHN01029,GRB249,113.9473801,22.49773788
NSSFHN01030,75YGG0,113.9340363,22.54836845
NSSFHN01031,A57K8N,113.9224396,22.53181648
NSSFHN01032,86TH2W,113.9227219,22.53115082
NSSFHN01033,151SJS,113.9227066,22.53108788
NSSFHN01034,8B69JZ,113.9220963,22.53019714
NSSFHN01035,862JRG,113.9225235,22.5295887
NSSFHN01036,5L45LX,113.9341431,22.54865074
NSSFHN01037,D9M22D,113.958786,22.51503754
NSSFHN01038,US6C63,113.9589539,22.51581764
NSSFHN01039,JM4R19,113.9591293,22.51672935
NSSFHN01040,WJG409,113.9595947,22.51960754
NSSFHN01041,FP2C41,113.9597015,22.52027512
